boundary_mismatch,doc_id,endpoint_mismatch,f1,fn,fp,layer,missing,mode,precision,recall,spurious,tp,type_mismatch
1,76437,0,0.09374999999999999,14,44,entity,13,relaxed,0.06382978723404255,0.17647058823529413,43,3,0
0,76437,0,0.27999999999999997,3,69,event,3,relaxed,0.1686746987951807,0.8235294117647058,69,14,0
0,76437,0,0.0,4,0,timex,4,relaxed,0.0,0.0,0,0,0
0,76437,1,0.11965811965811966,14,89,relation,13,relaxed,0.07291666666666667,0.3333333333333333,88,7,0
