f1,fn,fp,layer,mode,precision,recall,scope,tp
0.0759493670886076,14,59,entity,strict,0.04838709677419355,0.17647058823529413,micro,3
0.3414634146341464,3,51,event,strict,0.2153846153846154,0.8235294117647058,micro,14
0.0,4,13,timex,strict,0.0,0.0,micro,0
0.0404040404040404,19,76,relation,strict,0.02564102564102564,0.09523809523809523,micro,2
0.0759493670886076,,,entity,strict,0.04838709677419355,0.17647058823529413,macro,
0.3414634146341464,,,event,strict,0.2153846153846154,0.8235294117647058,macro,
0.0,,,timex,strict,0.0,0.0,macro,
0.0404040404040404,,,relation,strict,0.02564102564102564,0.09523809523809523,macro,
