boundary_mismatch,doc_id,endpoint_mismatch,f1,fn,fp,layer,missing,mode,precision,recall,spurious,tp,type_mismatch
1,76437,0,0.0759493670886076,14,59,entity,13,strict,0.04838709677419355,0.17647058823529413,58,3,0
0,76437,0,0.3414634146341464,3,51,event,3,strict,0.2153846153846154,0.8235294117647058,51,14,0
1,76437,0,0.0,4,13,timex,2,strict,0.0,0.0,11,0,1
0,76437,2,0.0404040404040404,19,76,relation,18,strict,0.02564102564102564,0.09523809523809523,75,2,1
