f1,fn,fp,layer,mode,precision,recall,scope,tp
0.178343949044586,3,126,entity,relaxed,0.1,0.8235294117647058,micro,14
0.28571428571428575,4,61,event,relaxed,0.17567567567567569,0.7647058823529411,micro,13
0.23529411764705882,2,11,timex,relaxed,0.15384615384615385,0.5,micro,2
0.10526315789473685,13,123,relation,relaxed,0.061068702290076333,0.38095238095238093,micro,8
0.178343949044586,,,entity,relaxed,0.1,0.8235294117647058,macro,
0.28571428571428575,,,event,relaxed,0.17567567567567569,0.7647058823529411,macro,
0.23529411764705882,,,timex,relaxed,0.15384615384615385,0.5,macro,
0.10526315789473685,,,relation,relaxed,0.061068702290076333,0.38095238095238093,macro,
