boundary_mismatch,doc_id,endpoint_mismatch,f1,fn,fp,layer,missing,mode,precision,recall,spurious,tp,type_mismatch
1,76437,0,0.178343949044586,3,126,entity,2,relaxed,0.1,0.8235294117647058,125,14,0
0,76437,0,0.28571428571428575,4,61,event,4,relaxed,0.17567567567567569,0.7647058823529411,61,13,0
0,76437,0,0.23529411764705882,2,11,timex,2,relaxed,0.15384615384615385,0.5,11,2,0
0,76437,1,0.10526315789473685,13,123,relation,12,relaxed,0.061068702290076333,0.38095238095238093,122,8,0
