f1,fn,fp,layer,mode,precision,recall,scope,tp
0.13725490196078433,10,78,entity,strict,0.08235294117647059,0.4117647058823529,micro,7
0.29729729729729726,6,46,event,strict,0.19298245614035087,0.6470588235294118,micro,11
0.23529411764705882,2,11,timex,strict,0.15384615384615385,0.5,micro,2
0.11864406779661016,14,90,relation,strict,0.07216494845360824,0.3333333333333333,micro,7
0.13725490196078433,,,entity,strict,0.08235294117647059,0.4117647058823529,macro,
0.29729729729729726,,,event,strict,0.19298245614035087,0.6470588235294118,macro,
0.23529411764705882,,,timex,strict,0.15384615384615385,0.5,macro,
0.11864406779661016,,,relation,strict,0.07216494845360824,0.3333333333333333,macro,
