boundary_mismatch,doc_id,endpoint_mismatch,f1,fn,fp,layer,missing,mode,precision,recall,spurious,tp,type_mismatch
1,76437,0,0.09374999999999999,14,44,entity,13,relaxed,0.06382978723404255,0.17647058823529413,43,3,0
0,76437,0,0.2708333333333333,4,66,event,4,relaxed,0.16455696202531644,0.7647058823529411,66,13,0
0,76437,0,0.0,4,0,timex,4,relaxed,0.0,0.0,0,0,0
0,76437,1,0.1217391304347826,14,87,relation,13,relaxed,0.07446808510638298,0.3333333333333333,86,7,0
