boundary_mismatch,doc_id,endpoint_mismatch,f1,fn,fp,layer,missing,mode,precision,recall,spurious,tp,type_mismatch
1,76437,0,0.09374999999999999,14,44,entity,13,relaxed,0.06382978723404255,0.17647058823529413,43,3,0
0,76437,0,0.28571428571428575,4,61,event,4,relaxed,0.17567567567567569,0.7647058823529411,61,13,0
0,76437,0,0.0,4,0,timex,4,relaxed,0.0,0.0,0,0,0
0,76437,1,0.12280701754385966,14,86,relation,13,relaxed,0.07526881720430108,0.3333333333333333,85,7,0
